{
  "vector": {
    "all": {
      "n": 32,
      "mrr": 0.8838541666666667,
      "recall@1": 0.6354166666666666,
      "precision@1": 0.8125,
      "hit@1": 0.8125,
      "recall@3": 0.8697916666666666,
      "precision@3": 0.6458333333333333,
      "hit@3": 0.9375,
      "recall@5": 0.9427083333333334,
      "precision@5": 0.6,
      "hit@5": 1.0,
      "recall@10": 0.96875,
      "precision@10": 0.434375,
      "hit@10": 1.0
    },
    "single": {
      "n": 21,
      "mrr": 0.861111111111111,
      "recall@1": 0.7619047619047619,
      "precision@1": 0.7619047619047619,
      "hit@1": 0.7619047619047619,
      "recall@3": 0.9523809523809523,
      "precision@3": 0.5714285714285714,
      "hit@3": 0.9523809523809523,
      "recall@5": 1.0,
      "precision@5": 0.5238095238095238,
      "hit@5": 1.0,
      "recall@10": 1.0,
      "precision@10": 0.3523809523809524,
      "hit@10": 1.0
    },
    "multi": {
      "n": 11,
      "mrr": 0.9272727272727272,
      "recall@1": 0.3939393939393939,
      "precision@1": 0.9090909090909091,
      "hit@1": 0.9090909090909091,
      "recall@3": 0.712121212121212,
      "precision@3": 0.7878787878787878,
      "hit@3": 0.9090909090909091,
      "recall@5": 0.8333333333333333,
      "precision@5": 0.7454545454545454,
      "hit@5": 1.0,
      "recall@10": 0.9090909090909091,
      "precision@10": 0.5909090909090909,
      "hit@10": 1.0
    }
  },
  "+hybrid": {
    "all": {
      "n": 32,
      "mrr": 0.9296875,
      "recall@1": 0.6822916666666666,
      "precision@1": 0.875,
      "hit@1": 0.875,
      "recall@3": 0.8802083333333334,
      "precision@3": 0.7083333333333333,
      "hit@3": 0.96875,
      "recall@5": 0.9479166666666666,
      "precision@5": 0.64375,
      "hit@5": 1.0,
      "recall@10": 0.984375,
      "precision@10": 0.484375,
      "hit@10": 1.0
    },
    "single": {
      "n": 21,
      "mrr": 0.8928571428571429,
      "recall@1": 0.8095238095238095,
      "precision@1": 0.8095238095238095,
      "hit@1": 0.8095238095238095,
      "recall@3": 0.9523809523809523,
      "precision@3": 0.6190476190476191,
      "hit@3": 0.9523809523809523,
      "recall@5": 1.0,
      "precision@5": 0.5523809523809524,
      "hit@5": 1.0,
      "recall@10": 1.0,
      "precision@10": 0.3857142857142857,
      "hit@10": 1.0
    },
    "multi": {
      "n": 11,
      "mrr": 1.0,
      "recall@1": 0.4393939393939394,
      "precision@1": 1.0,
      "hit@1": 1.0,
      "recall@3": 0.7424242424242423,
      "precision@3": 0.8787878787878788,
      "hit@3": 1.0,
      "recall@5": 0.8484848484848485,
      "precision@5": 0.8181818181818182,
      "hit@5": 1.0,
      "recall@10": 0.9545454545454546,
      "precision@10": 0.6727272727272727,
      "hit@10": 1.0
    }
  },
  "+rerank": {
    "all": {
      "n": 32,
      "mrr": 0.984375,
      "recall@1": 0.7760416666666666,
      "precision@1": 0.96875,
      "hit@1": 0.96875,
      "recall@3": 0.9114583333333334,
      "precision@3": 0.8125,
      "hit@3": 1.0,
      "recall@5": 0.9479166666666666,
      "precision@5": 0.71875,
      "hit@5": 1.0,
      "recall@10": 0.984375,
      "precision@10": 0.525,
      "hit@10": 1.0
    },
    "single": {
      "n": 21,
      "mrr": 0.9761904761904762,
      "recall@1": 0.9523809523809523,
      "precision@1": 0.9523809523809523,
      "hit@1": 0.9523809523809523,
      "recall@3": 1.0,
      "precision@3": 0.746031746031746,
      "hit@3": 1.0,
      "recall@5": 1.0,
      "precision@5": 0.6190476190476191,
      "hit@5": 1.0,
      "recall@10": 1.0,
      "precision@10": 0.40476190476190477,
      "hit@10": 1.0
    },
    "multi": {
      "n": 11,
      "mrr": 1.0,
      "recall@1": 0.4393939393939394,
      "precision@1": 1.0,
      "hit@1": 1.0,
      "recall@3": 0.7424242424242423,
      "precision@3": 0.9393939393939394,
      "hit@3": 1.0,
      "recall@5": 0.8484848484848485,
      "precision@5": 0.9090909090909091,
      "hit@5": 1.0,
      "recall@10": 0.9545454545454546,
      "precision@10": 0.7545454545454546,
      "hit@10": 1.0
    }
  }
}